[
  {
    "id": 1,
    "nome": "Admin Master",
    "email": "admin@gym.com",
    "nivel": "super_admin",
    "status": "ativo"
  },
  {
    "id": 1766758622696,
    "nome": "ian",
    "email": "ian@gmail.com",
    "senha": "a7994984e42fcebd437b240054a3bf8d40e075cdf79f6164aeab4f2b60f6ba964fab252cb8c24bca29487e5db65038a9e6dafea589c65233da383d4994c9223b",
    "salt": "47bd77114046819938a5d2998f610504",
    "nivel": "super_admin",
    "status": "ativo",
    "telefone": "999999999",
    "observacoes": "",
    "data_cadastro": "2025-12-26T14:17:02.696Z",
    "ultimo_acesso": null,
    "criado_por": "sistema"
  }
]