[
  {
    "id": 1766756194567,
    "nome": "ian",
    "email": "ian@gmail.com",
    "cpf": "123.432.112-33223",
    "telefone": "999999999",
    "endereco": "dwdwdw",
    "cidade": "p2",
    "estado": "PI",
    "descricao": ",kjhgffghjk",
    "status": "ativo",
    "foto": "",
    "data_cadastro": "2025-12-26T13:36:34.567Z"
  },
  {
    "id": 1766757048725,
    "nome": "ian222222",
    "email": "ian@gmail.com",
    "cpf": "123.432.112-33223",
    "telefone": "999999999",
    "endereco": "dwdwdw",
    "cidade": "p2",
    "estado": "PI",
    "descricao": "",
    "status": "ativo",
    "foto": "",
    "data_cadastro": "2025-12-26T13:50:48.725Z"
  }
]