{
  "sessoes": {
    "5f65f91aa4c198319217895a9c1ead23fb571bf1a86369cfcb7e884586cf85d4": {
      "email": "dobrawlconta492@gmail.com",
      "criado_em": 1766670776065,
      "ip": "127.0.0.1"
    },
    "82203560434a803dfdd93c446e5d225c9fa179c1ab3413510a79f996bae8f89e": {
      "email": "dobrawlconta492@gmail.com",
      "criado_em": 1766687906417,
      "ip": "127.0.0.1"
    },
    "a05bd7d14a2c869a9e67add1a76e1b56f8c05bf17483a833b54400b11efeebcd": {
      "email": "dobrawlconta492@gmail.com",
      "criado_em": 1766754648898,
      "ip": "127.0.0.1"
    },
    "92a33e68932225c1d5c149cc1da229eb09adb7c74cd026e1cde68f2fb00c43c2": {
      "email": "dobrawlconta492@gmail.com",
      "criado_em": 1766755220407,
      "ip": "127.0.0.1"
    },
    "23cfc3f29b02d7eea3e17f859fb5cadf6cf7af5606504a05604a733609798028": {
      "email": "dobrawlconta492@gmail.com",
      "criado_em": 1766755267499,
      "ip": "127.0.0.1"
    },
    "35070923a88a9f8a493d3441727de31674d6001c67f64659aabc705206d7c5d5": {
      "email": "dobrawlconta492@gmail.com",
      "criado_em": 1766755648362,
      "ip": "127.0.0.1"
    },
    "8d925aa82d7583ecb90a48cbeacb23cea5118c5e7ddaf077e2f711d2fb27be61": {
      "email": "dobrawlconta492@gmail.com",
      "criado_em": 1766755671650,
      "ip": "127.0.0.1"
    },
    "c74cf6944a95e64d9ccb03fefa7f3ccd5dba748c960b5c2458738331a7c484cf": {
      "email": "dobrawlconta492@gmail.com",
      "criado_em": 1766755702337,
      "ip": "127.0.0.1"
    },
    "4f60f3f31094ec710885773f3fe59fb0690322fd8a484e42ce3fdeb88f7ab18e": {
      "email": "dobrawlconta492@gmail.com",
      "criado_em": 1766756292633,
      "ip": "127.0.0.1"
    },
    "d1ea177996c6065a2c74ee1968544158782347775e146db704c157f57aa8567c": {
      "email": "dobrawlconta492@gmail.com",
      "criado_em": 1766769363657,
      "ip": "127.0.0.1"
    },
    "cb16c2ee1352adcffc2a28c69445492e54756a38ec07191b4454ba8e5347a47d": {
      "email": "ian@gmail.com",
      "criado_em": 1766769467437,
      "ip": "127.0.0.1"
    },
    "eac1438059c5813bececbf652dd9ee0c3a86e8193f25dee3e3e0d83989aab827": {
      "email": "samuelalencarsantos65@gmail.com",
      "criado_em": 1767634439878,
      "ip": "127.0.0.1"
    },
    "7c7ac38eba07e2c8c1ec1fcd0d882d951f2220a505c60409ed001eaefcd8f749": {
      "email": "samuelalencarsantos65@gmail.com",
      "criado_em": 1767888585834,
      "ip": "127.0.0.1"
    },
    "519ab514e8de32d5a071d96ea913d9b7ebc7c71cd4e9359a73df7d33747e379b": {
      "email": "samuelalencarsantos65@gmail.com",
      "criado_em": 1768479970035,
      "ip": "127.0.0.1"
    },
    "cf27565d736d353eea8bcebf93e6efd6b96e0bb55028af8475fc44085a8119b7": {
      "email": "samuelalencarsantos65@gmail.com",
      "criado_em": 1768480067745,
      "ip": "127.0.0.1"
    },
    "7843623599c49d5f7ab039242b66823a996c2ccbb89d062e5fc8ec98a5d76227": {
      "email": "samuelalencarsantos65@gmail.com",
      "criado_em": 1768480101076,
      "ip": "127.0.0.1"
    }
  }
}